,Unnamed: 0,orig.ident,annotation
AACTCCCTCTACTATC_WT1,AACTCCCTCTACTATC_1_1_1_1,WT_1,GBC
AATCCAGGTTATCGGT_WT1,AATCCAGGTTATCGGT_1_1_1_1,WT_1,GBC
ACTGAACTCACCGTAA_WT1,ACTGAACTCACCGTAA_1_1_1_1,WT_1,GBC
ACTTGTTCAGCTCGAC_WT1,ACTTGTTCAGCTCGAC_1_1_1_1,WT_1,GBC
AGAATAGTCACTGGGC_WT1,AGAATAGTCACTGGGC_1_1_1_1,WT_1,GBC
CAACCTCAGATGTGTA_WT1,CAACCTCAGATGTGTA_1_1_1_1,WT_1,GBC
CACAGTACATGTCCTC_WT1,CACAGTACATGTCCTC_1_1_1_1,WT_1,GBC
CATATGGAGCTATGCT_WT1,CATATGGAGCTATGCT_1_1_1_1,WT_1,GBC
CATATGGCATACGCTA_WT1,CATATGGCATACGCTA_1_1_1_1,WT_1,GBC
CATCCACAGATGCGAC_WT1,CATCCACAGATGCGAC_1_1_1_1,WT_1,GBC
CCATTCGTCCAGTAGT_WT1,CCATTCGTCCAGTAGT_1_1_1_1,WT_1,GBC
CCTATTACATATGGTC_WT1,CCTATTACATATGGTC_1_1_1_1,WT_1,GBC
CGACTTCGTGACGGTA_WT1,CGACTTCGTGACGGTA_1_1_1_1,WT_1,GBC
CGTCAGGGTCCAACTA_WT1,CGTCAGGGTCCAACTA_1_1_1_1,WT_1,GBC
CTTCTCTGTTACGGAG_WT1,CTTCTCTGTTACGGAG_1_1_1_1,WT_1,GBC
GATGAAATCGACCAGC_WT1,GATGAAATCGACCAGC_1_1_1_1,WT_1,GBC
GCATGTAAGGCCCTTG_WT1,GCATGTAAGGCCCTTG_1_1_1_1,WT_1,GBC
GCGCGATTCAGTACGT_WT1,GCGCGATTCAGTACGT_1_1_1_1,WT_1,GBC
GGACAAGTCGGATGGA_WT1,GGACAAGTCGGATGGA_1_1_1_1,WT_1,GBC
GGATTACTCACCTTAT_WT1,GGATTACTCACCTTAT_1_1_1_1,WT_1,GBC
GGGAATGTCGGAGCAA_WT1,GGGAATGTCGGAGCAA_1_1_1_1,WT_1,GBC
GTGTTAGGTCTGATCA_WT1,GTGTTAGGTCTGATCA_1_1_1_1,WT_1,GBC
TCAGCAAGTGTAATGA_WT1,TCAGCAAGTGTAATGA_1_1_1_1,WT_1,GBC
TTTGCGCAGAGTACAT_WT1,TTTGCGCAGAGTACAT_1_1_1_1,WT_1,GBC
AGATTGCAGCTACCGC_WT2,AGATTGCAGCTACCGC_2_1_1_1,WT_2,GBC
CACAGGCAGGCATGGT_WT2,CACAGGCAGGCATGGT_2_1_1_1,WT_2,GBC
CAGAGAGTCCGCATAA_WT2,CAGAGAGTCCGCATAA_2_1_1_1,WT_2,GBC
CGCTTCATCGCCCTTA_WT2,CGCTTCATCGCCCTTA_2_1_1_1,WT_2,GBC
CTAACTTGTCACCCAG_WT2,CTAACTTGTCACCCAG_2_1_1_1,WT_2,GBC
CTTTGCGAGGAGTAGA_WT2,CTTTGCGAGGAGTAGA_2_1_1_1,WT_2,GBC
GCGGGTTGTCATATGC_WT2,GCGGGTTGTCATATGC_2_1_1_1,WT_2,GBC
GGATGTTTCTGATACG_WT2,GGATGTTTCTGATACG_2_1_1_1,WT_2,GBC
GGGTCTGGTCGTCTTC_WT2,GGGTCTGGTCGTCTTC_2_1_1_1,WT_2,GBC
GTGCATAAGCGTTTAC_WT2,GTGCATAAGCGTTTAC_2_1_1_1,WT_2,GBC
GTTACAGAGTCAAGGC_WT2,GTTACAGAGTCAAGGC_2_1_1_1,WT_2,GBC
TCAGCAAAGAGTCGGT_WT2,TCAGCAAAGAGTCGGT_2_1_1_1,WT_2,GBC
TGACGGCAGATCGGGT_WT2,TGACGGCAGATCGGGT_2_1_1_1,WT_2,GBC
TGCCAAACATCGATGT_WT2,TGCCAAACATCGATGT_2_1_1_1,WT_2,GBC
TGCCCTACATCCGGGT_WT2,TGCCCTACATCCGGGT_2_1_1_1,WT_2,GBC
TGGGCGTGTACCTACA_WT2,TGGGCGTGTACCTACA_2_1_1_1,WT_2,GBC
ACAGCTAAGACGCA_WT3,ACAGCTAAGACGCACA_1_1_1,WT_3,GBC
CCTCAGTCAATGAC_WT3,CCTCAGTCAATGACCT_1_1_1,WT_3,GBC
GTGCTTCAGGGTCT_WT3,GTGCTTCAGGGTCTCC_1_1_1,WT_3,GBC
TATGCCCTCGTACG_WT3,TATGCCCTCGTACGGC_1_1_1,WT_3,GBC
AAACCTGAGTGGTAAT_WT4,AAACCTGAGTGGTAAT_2_1_1,WT_4,GBC
AAAGATGAGTGTGAAT_WT4,AAAGATGAGTGTGAAT_2_1_1,WT_4,GBC
AACCATGGTTGTGGAG_WT4,AACCATGGTTGTGGAG_2_1_1,WT_4,GBC
AACGTTGCAACCGCCA_WT4,AACGTTGCAACCGCCA_2_1_1,WT_4,GBC
AACGTTGCATGGTCTA_WT4,AACGTTGCATGGTCTA_2_1_1,WT_4,GBC
ACACCAACACGAAAGC_WT4,ACACCAACACGAAAGC_2_1_1,WT_4,GBC
ACATGGTTCTGAGGGA_WT4,ACATGGTTCTGAGGGA_2_1_1,WT_4,GBC
ACCAGTATCCATGCTC_WT4,ACCAGTATCCATGCTC_2_1_1,WT_4,GBC
ACCGTAAAGGCTACGA_WT4,ACCGTAAAGGCTACGA_2_1_1,WT_4,GBC
ACCGTAAAGGTGGGTT_WT4,ACCGTAAAGGTGGGTT_2_1_1,WT_4,GBC
ACCTTTAGTATAATGG_WT4,ACCTTTAGTATAATGG_2_1_1,WT_4,GBC
ACGGCCACATGTCCTC_WT4,ACGGCCACATGTCCTC_2_1_1,WT_4,GBC
ACTGATGTCGAACTGT_WT4,ACTGATGTCGAACTGT_2_1_1,WT_4,GBC
ACTGCTCTCTGAGGGA_WT4,ACTGCTCTCTGAGGGA_2_1_1,WT_4,GBC
AGAGCTTAGAGTACAT_WT4,AGAGCTTAGAGTACAT_2_1_1,WT_4,GBC
AGCAGCCGTAAAGGAG_WT4,AGCAGCCGTAAAGGAG_2_1_1,WT_4,GBC
AGCGGTCCACGTCTCT_WT4,AGCGGTCCACGTCTCT_2_1_1,WT_4,GBC
AGCTTGAAGTTAGCGG_WT4,AGCTTGAAGTTAGCGG_2_1_1,WT_4,GBC
AGGTCATCACGCTTTC_WT4,AGGTCATCACGCTTTC_2_1_1,WT_4,GBC
AGTGTCAGTGATAAAC_WT4,AGTGTCAGTGATAAAC_2_1_1,WT_4,GBC
ATCACGACACCAGCAC_WT4,ATCACGACACCAGCAC_2_1_1,WT_4,GBC
ATCATCTGTGTAATGA_WT4,ATCATCTGTGTAATGA_2_1_1,WT_4,GBC
ATCATCTTCAGAAATG_WT4,ATCATCTTCAGAAATG_2_1_1,WT_4,GBC
ATCATGGGTACCATCA_WT4,ATCATGGGTACCATCA_2_1_1,WT_4,GBC
ATTCTACGTTTAAGCC_WT4,ATTCTACGTTTAAGCC_2_1_1,WT_4,GBC
CAACTAGGTGGTAACG_WT4,CAACTAGGTGGTAACG_2_1_1,WT_4,GBC
CAAGATCGTTATGCGT_WT4,CAAGATCGTTATGCGT_2_1_1,WT_4,GBC
CAAGGCCCACAAGCCC_WT4,CAAGGCCCACAAGCCC_2_1_1,WT_4,GBC
CACAGGCCAGCTGTAT_WT4,CACAGGCCAGCTGTAT_2_1_1,WT_4,GBC
CACCTTGGTGCAGGTA_WT4,CACCTTGGTGCAGGTA_2_1_1,WT_4,GBC
CAGCCGATCTACGAGT_WT4,CAGCCGATCTACGAGT_2_1_1,WT_4,GBC
CAGTAACAGGCATTGG_WT4,CAGTAACAGGCATTGG_2_1_1,WT_4,GBC
CAGTCCTAGTGAAGAG_WT4,CAGTCCTAGTGAAGAG_2_1_1,WT_4,GBC
CATATGGGTTGATTGC_WT4,CATATGGGTTGATTGC_2_1_1,WT_4,GBC
CATCAAGAGAGTCTGG_WT4,CATCAAGAGAGTCTGG_2_1_1,WT_4,GBC
CATGGCGTCTAACTGG_WT4,CATGGCGTCTAACTGG_2_1_1,WT_4,GBC
CCACCTAGTTAAGACA_WT4,CCACCTAGTTAAGACA_2_1_1,WT_4,GBC
CCATGTCGTAGCACGA_WT4,CCATGTCGTAGCACGA_2_1_1,WT_4,GBC
CCTACCAAGGTGCTTT_WT4,CCTACCAAGGTGCTTT_2_1_1,WT_4,GBC
CCTAGCTCATGTAAGA_WT4,CCTAGCTCATGTAAGA_2_1_1,WT_4,GBC
CGAGCACCAGACAAAT_WT4,CGAGCACCAGACAAAT_2_1_1,WT_4,GBC
CGAGCACGTTCGCTAA_WT4,CGAGCACGTTCGCTAA_2_1_1,WT_4,GBC
CGAGCCAGTGTAAGTA_WT4,CGAGCCAGTGTAAGTA_2_1_1,WT_4,GBC
CGATGTATCTAGCACA_WT4,CGATGTATCTAGCACA_2_1_1,WT_4,GBC
CGCTGGAGTTGGTAAA_WT4,CGCTGGAGTTGGTAAA_2_1_1,WT_4,GBC
CGGACTGAGCTGCAAG_WT4,CGGACTGAGCTGCAAG_2_1_1,WT_4,GBC
CGGAGCTAGAGCCTAG_WT4,CGGAGCTAGAGCCTAG_2_1_1,WT_4,GBC
CGTAGGCCACAGATTC_WT4,CGTAGGCCACAGATTC_2_1_1,WT_4,GBC
CGTCACTCAATGAAAC_WT4,CGTCACTCAATGAAAC_2_1_1,WT_4,GBC
CGTCCATCAATGAATG_WT4,CGTCCATCAATGAATG_2_1_1,WT_4,GBC
CTACGTCCACATCTTT_WT4,CTACGTCCACATCTTT_2_1_1,WT_4,GBC
CTCACACGTCTCCATC_WT4,CTCACACGTCTCCATC_2_1_1,WT_4,GBC
CTCACACTCCCAAGAT_WT4,CTCACACTCCCAAGAT_2_1_1,WT_4,GBC
CTCGGAGAGAAGGCCT_WT4,CTCGGAGAGAAGGCCT_2_1_1,WT_4,GBC
CTCTAATCATGGTCTA_WT4,CTCTAATCATGGTCTA_2_1_1,WT_4,GBC
CTCTACGGTAAACCTC_WT4,CTCTACGGTAAACCTC_2_1_1,WT_4,GBC
CTGCGGAGTTCGTGAT_WT4,CTGCGGAGTTCGTGAT_2_1_1,WT_4,GBC
GAAATGAGTGATGCCC_WT4,GAAATGAGTGATGCCC_2_1_1,WT_4,GBC
GAATAAGGTATCAGTC_WT4,GAATAAGGTATCAGTC_2_1_1,WT_4,GBC
GACACGCAGATAGCAT_WT4,GACACGCAGATAGCAT_2_1_1,WT_4,GBC
GACACGCAGGCGTACA_WT4,GACACGCAGGCGTACA_2_1_1,WT_4,GBC
GACAGAGCAGGATCGA_WT4,GACAGAGCAGGATCGA_2_1_1,WT_4,GBC
GACGCGTTCGGCTACG_WT4,GACGCGTTCGGCTACG_2_1_1,WT_4,GBC
GACGTTAGTCATTAGC_WT4,GACGTTAGTCATTAGC_2_1_1,WT_4,GBC
GAGGTGAAGAAACGCC_WT4,GAGGTGAAGAAACGCC_2_1_1,WT_4,GBC
GCGACCACACGGATAG_WT4,GCGACCACACGGATAG_2_1_1,WT_4,GBC
GCTTCCAGTGAACCTT_WT4,GCTTCCAGTGAACCTT_2_1_1,WT_4,GBC
GCTTCCAGTTCCACTC_WT4,GCTTCCAGTTCCACTC_2_1_1,WT_4,GBC
GCTTGAAGTTCGCGAC_WT4,GCTTGAAGTTCGCGAC_2_1_1,WT_4,GBC
GGAACTTCACAGACAG_WT4,GGAACTTCACAGACAG_2_1_1,WT_4,GBC
GGAACTTTCCTAAGTG_WT4,GGAACTTTCCTAAGTG_2_1_1,WT_4,GBC
GGACGTCCACGGCGTT_WT4,GGACGTCCACGGCGTT_2_1_1,WT_4,GBC
GGTGAAGAGTAGCCGA_WT4,GGTGAAGAGTAGCCGA_2_1_1,WT_4,GBC
GTAACTGCATGAGCGA_WT4,GTAACTGCATGAGCGA_2_1_1,WT_4,GBC
GTCAAGTCATATGGTC_WT4,GTCAAGTCATATGGTC_2_1_1,WT_4,GBC
GTCAAGTGTGCCTTGG_WT4,GTCAAGTGTGCCTTGG_2_1_1,WT_4,GBC
GTTCGGGCAACTGCGC_WT4,GTTCGGGCAACTGCGC_2_1_1,WT_4,GBC
GTTCTCGGTCTCACCT_WT4,GTTCTCGGTCTCACCT_2_1_1,WT_4,GBC
TAAGAGACACCAACCG_WT4,TAAGAGACACCAACCG_2_1_1,WT_4,GBC
TACACGAGTGATGTCT_WT4,TACACGAGTGATGTCT_2_1_1,WT_4,GBC
TACCTTAGTAATTGGA_WT4,TACCTTAGTAATTGGA_2_1_1,WT_4,GBC
TACGGGCGTCGAAAGC_WT4,TACGGGCGTCGAAAGC_2_1_1,WT_4,GBC
TAGACCAAGTGACATA_WT4,TAGACCAAGTGACATA_2_1_1,WT_4,GBC
TATCAGGAGACTTTCG_WT4,TATCAGGAGACTTTCG_2_1_1,WT_4,GBC
TCAGATGAGATGTGGC_WT4,TCAGATGAGATGTGGC_2_1_1,WT_4,GBC
TCATTTGTCGCATGGC_WT4,TCATTTGTCGCATGGC_2_1_1,WT_4,GBC
TCCCGATTCATCGATG_WT4,TCCCGATTCATCGATG_2_1_1,WT_4,GBC
TCTTCGGGTAAAGTCA_WT4,TCTTCGGGTAAAGTCA_2_1_1,WT_4,GBC
TGCCCATCACCCATGG_WT4,TGCCCATCACCCATGG_2_1_1,WT_4,GBC
TGCGCAGCAGTGGAGT_WT4,TGCGCAGCAGTGGAGT_2_1_1,WT_4,GBC
TGCGGGTTCTGCAAGT_WT4,TGCGGGTTCTGCAAGT_2_1_1,WT_4,GBC
TGGTTCCAGAGCCCAA_WT4,TGGTTCCAGAGCCCAA_2_1_1,WT_4,GBC
TGGTTCCTCCGCGCAA_WT4,TGGTTCCTCCGCGCAA_2_1_1,WT_4,GBC
TGGTTCCTCTGTCCGT_WT4,TGGTTCCTCTGTCCGT_2_1_1,WT_4,GBC
TTCTCCTGTTACCGAT_WT4,TTCTCCTGTTACCGAT_2_1_1,WT_4,GBC
TTGACTTCAACTGCTA_WT4,TTGACTTCAACTGCTA_2_1_1,WT_4,GBC
TTGGCAATCTTTAGTC_WT4,TTGGCAATCTTTAGTC_2_1_1,WT_4,GBC
TTGTAGGAGTCGATAA_WT4,TTGTAGGAGTCGATAA_2_1_1,WT_4,GBC
TTGTAGGGTTTGACTG_WT4,TTGTAGGGTTTGACTG_2_1_1,WT_4,GBC
TTTATGCAGGGTGTGT_WT4,TTTATGCAGGGTGTGT_2_1_1,WT_4,GBC
TTTCCTCCAAGTCTGT_WT4,TTTCCTCCAAGTCTGT_2_1_1,WT_4,GBC
TTTCCTCGTCGCGAAA_WT4,TTTCCTCGTCGCGAAA_2_1_1,WT_4,GBC
TTTGCGCGTTCCACAA_WT4,TTTGCGCGTTCCACAA_2_1_1,WT_4,GBC
TTTGCGCGTTCGAATC_WT4,TTTGCGCGTTCGAATC_2_1_1,WT_4,GBC
