,Barcodes,Annotations
0,SRR12545952:AACAAAGCATCATCCCx,MATURE CELL
1,SRR12545952:AACCATGGTATAGGGCx,MATURE CELL
2,SRR12545952:AACAAGATCGACATACx,MATURE CELL
3,SRR12545952:AACCACACAGGACTTTx,MATURE CELL
4,SRR12545952:AACAGGGGTCACAATCx,MATURE CELL
5,SRR12545952:AAACGCTCAGTAACAAx,MATURE CELL
6,SRR12545952:AACAAGACAAACACCTx,MATURE CELL
7,SRR12545952:AAACGAACAGCTGAAGx,MATURE CELL
8,SRR12545952:AAAGTCCAGTAGACATx,MATURE CELL
9,SRR12545952:AACAGGGTCGAATCCAx,MATURE CELL
10,SRR12545952:AAGGAATAGCAGGCTAx,MATURE CELL
11,SRR12545952:AAGCGTTAGTTGGGACx,MATURE CELL
12,SRR12545952:AAGCGTTCAAATGGCGx,MATURE CELL
13,SRR12545952:AACCTGATCTGCGGCAx,MATURE CELL
14,SRR12545952:AATAGAGAGACCAAATx,MATURE CELL
15,SRR12545952:AACGAAAGTAGGACTGx,MATURE CELL
16,SRR12545952:AAGCGTTCAACCCTAAx,MATURE CELL
17,SRR12545952:AAGACTCCAGCACAAGx,MATURE CELL
18,SRR12545952:AATCACGCACAACGTTx,MATURE CELL
19,SRR12545952:AACGAAAAGCCAGTAGx,MATURE CELL
20,SRR12545952:AAGTGAAAGCAAGCCAx,MATURE CELL
21,SRR12545952:ACATCCCGTAACAGGCx,MATURE CELL
22,SRR12545952:AATCGTGTCACTTCTAx,MATURE CELL
23,SRR12545952:AATGAAGCACGATTCAx,MATURE CELL
24,SRR12545952:ACAACCAAGCTTAAGAx,MATURE CELL
25,SRR12545952:AATTCCTTCGCCGAGTx,MATURE CELL
26,SRR12545952:ACACTGAAGCGTTCATx,MATURE CELL
27,SRR12545952:AATCGACTCGCCTTGTx,MATURE CELL
28,SRR12545952:ACCGTTCGTATCGTACx,MATURE CELL
29,SRR12545952:ACCTGAAAGTTGCCTAx,MATURE CELL
30,SRR12545952:ACGTAACAGTCTGCGCx,MATURE CELL
31,SRR12545952:ACGTACAGTCGTGGTCx,MATURE CELL
32,SRR12545952:ACGTAACGTCTTCAAGx,MATURE CELL
33,SRR12545952:ACGTAGTAGCGAGTCAx,MATURE CELL
34,SRR12545952:ACCCTTGCACTCCCTAx,MATURE CELL
35,SRR12545952:ACCAACACAAATGGCGx,MATURE CELL
36,SRR12545952:ACTGTCCGTCTTCTATx,MATURE CELL
37,SRR12545952:ACGTCCTTCCTCTCGAx,MATURE CELL
38,SRR12545952:ACTATTCCATTCTGTTx,MATURE CELL
39,SRR12545952:ACTGCAAAGTACTGGGx,MATURE CELL
40,SRR12545952:AGAACAACATTCGATGx,MATURE CELL
41,SRR12545952:ACGTTCCCAGAGATGCx,MATURE CELL
42,SRR12545952:ACTATCTAGTGTTGTCx,MATURE CELL
43,SRR12545952:ACTCTCGCAACATCGTx,MATURE CELL
44,SRR12545952:ACTTAGGTCAAGTCGTx,MATURE CELL
45,SRR12545952:ACTCCCAGTCGCTCGAx,MATURE CELL
46,SRR12545952:ACTACGAGTATCGTGTx,MATURE CELL
47,SRR12545952:AGAGCCCAGAGTATACx,MATURE CELL
48,SRR12545952:AGACCATCAGCAGATGx,MATURE CELL
49,SRR12545952:AGCCAGCAGACGCCAAx,MATURE CELL
50,SRR12545952:AGACAGGGTCTGCATAx,MATURE CELL
51,SRR12545952:AGCCAATTCGGCTGTGx,MATURE CELL
52,SRR12545952:AGACCATTCGCCCAGAx,MATURE CELL
53,SRR12545952:AGAGAGCGTATTGCCAx,MATURE CELL
54,SRR12545952:AGCCACGGTTCCACGGx,MATURE CELL
55,SRR12545952:AGCCAGCGTGCCCACAx,MATURE CELL
56,SRR12545952:AGCATCATCGAACACTx,MATURE CELL
57,SRR12545952:AGATGAACACTAAACCx,MATURE CELL
58,SRR12545952:AGGAATAGTCGCTGCAx,MATURE CELL
59,SRR12545952:AGGGCTCAGAAGTCCGx,MATURE CELL
60,SRR12545952:AGGTCATCAGTTAGAAx,MATURE CELL
61,SRR12545952:AGGATCTAGCTCCGACx,MATURE CELL
62,SRR12545952:AGGGTGATCATTGGTGx,MATURE CELL
63,SRR12545952:AGCGCTGCACCGGCTAx,MATURE CELL
64,SRR12545952:AGGGAGTTCGAGAACGx,MATURE CELL
65,SRR12545952:AGGTCATTCTATCACTx,MATURE CELL
66,SRR12545952:AGGCTGCTCTGTACAGx,MATURE CELL
67,SRR12545952:AGGAGGTTCGGTTCAAx,MATURE CELL
68,SRR12545952:AGCTACACACGAGGTAx,MATURE CELL
69,SRR12545952:AGGGTCCGTTCCAAACx,MATURE CELL
70,SRR12545952:AGGACTTTCCTTCTGGx,MATURE CELL
71,SRR12545952:AGCGCCATCCTGGTCTx,MATURE CELL
72,SRR12545952:AGGTAGGGTACCGTGCx,MATURE CELL
73,SRR12545952:AGGGTTTGTCGATTACx,MATURE CELL
74,SRR12545952:AGGAATAGTCGTGGAAx,MATURE CELL
75,SRR12545952:AGCGTATGTATCATGCx,MATURE CELL
76,SRR12545952:AGTGCCGAGAAGTCCGx,MATURE CELL
77,SRR12545952:AGTCACACAGGGTCTCx,MATURE CELL
78,SRR12545952:AGTAGCTAGTATAACGx,MATURE CELL
79,SRR12545952:AGTCATGCAAGGCAACx,MATURE CELL
80,SRR12545952:ATACCGAGTGCAACAGx,MATURE CELL
81,SRR12545952:AGGTTACAGTATGGATx,MATURE CELL
82,SRR12545952:AGTGTTGCAGGAATATx,MATURE CELL
83,SRR12545952:AGTAGCTAGCCATTCAx,MATURE CELL
84,SRR12545952:ATCACGACATATGAAGx,MATURE CELL
85,SRR12545952:ATAGGCTAGGCGCTCTx,MATURE CELL
86,SRR12545952:ATCCACCTCACCGACGx,MATURE CELL
87,SRR12545952:ATCCGTCGTCCAGGTCx,MATURE CELL
88,SRR12545952:ATCACTTCAGTAGAATx,MATURE CELL
89,SRR12545952:ATATCCTTCAGCCTTCx,MATURE CELL
90,SRR12545952:ATCCATTTCACCTGTCx,MATURE CELL
91,SRR12545952:ATCCATTCACTCTCGTx,MATURE CELL
92,SRR12545952:ATCGATGCAAGCGATGx,MATURE CELL
93,SRR12545952:ATGCGATAGAATAGTCx,MATURE CELL
94,SRR12545952:ATCGGCGGTAAGTTAGx,MATURE CELL
95,SRR12545952:ATGGATCAGCATTGAAx,MATURE CELL
96,SRR12545952:ATGAGGGGTCTTTATCx,MATURE CELL
97,SRR12545952:ATGGATCGTGGTCTGCx,MATURE CELL
98,SRR12545952:ATTCACTCAACTAGAAx,MATURE CELL
99,SRR12545952:ATCGGCGCATTGCCTCx,MATURE CELL
100,SRR12545952:ATGGGTTGTATGACAAx,MATURE CELL
101,SRR12545952:ATGAGTCTCGAGTGAGx,MATURE CELL
102,SRR12545952:ATTGTTCTCATCGGGCx,MATURE CELL
103,SRR12545952:CAACAACCAACTCATGx,MATURE CELL
104,SRR12545952:CAACCTCTCGACACTAx,MATURE CELL
105,SRR12545952:CAAGAGGAGTCAGCCCx,MATURE CELL
106,SRR12545952:CAAAGAACAAAGACTAx,MATURE CELL
107,SRR12545952:CAAGGGAGTCGAACGAx,MATURE CELL
108,SRR12545952:CACTAAGAGATTCGCTx,MATURE CELL
109,SRR12545952:CACAGATAGGCACGATx,MATURE CELL
110,SRR12545952:CACCAAAGTCAACACTx,MATURE CELL
111,SRR12545952:CACAGATGTACCACGCx,MATURE CELL
112,SRR12545952:CACGTGGGTGATATAGx,MATURE CELL
113,SRR12545952:CAATCGACAGATCACTx,MATURE CELL
114,SRR12545952:CACGTTCTCGACGCGTx,MATURE CELL
115,SRR12545952:CAATGACCAAGTTTGCx,MATURE CELL
116,SRR12545952:CATCGCTGTTCGGCTGx,MATURE CELL
117,SRR12545952:CATCCACTCAGGACGAx,MATURE CELL
118,SRR12545952:CATACAGTCGTGCAGCx,MATURE CELL
119,SRR12545952:CAGTGCGCACTACTTTx,MATURE CELL
120,SRR12545952:CATCGTCCAAATGAACx,MATURE CELL
121,SRR12545952:CATCCGTAGTAACCTCx,MATURE CELL
122,SRR12545952:CAGCACGCAATACGCTx,MATURE CELL
123,SRR12545952:CCACTTGTCGGAAACGx,MATURE CELL
124,SRR12545952:CATGCTCTCAAAGGTAx,MATURE CELL
125,SRR12545952:CATTCCGGTTGGACCCx,MATURE CELL
126,SRR12545952:CATTGCCGTTAGAAACx,MATURE CELL
127,SRR12545952:CATTGTTTCTGATTCTx,MATURE CELL
128,SRR12545952:CCGATGGAGATTAGACx,MATURE CELL
129,SRR12545952:CCGCAAGGTCGTCTCTx,MATURE CELL
130,SRR12545952:CCGGGTAGTAATACCCx,MATURE CELL
131,SRR12545952:CCGCAAGCATGACGTTx,MATURE CELL
132,SRR12545952:CCCGGAAAGAGCCCAAx,MATURE CELL
133,SRR12545952:CCCTGATCAGACGCTCx,MATURE CELL
134,SRR12545952:CCGGGTACAATCAGCTx,MATURE CELL
135,SRR12545952:CCTAACCAGTCCCAATx,MATURE CELL
136,SRR12545952:CCTCTCCTCTCATAGGx,MATURE CELL
137,SRR12545952:CCTCCTCGTGAATTGAx,MATURE CELL
138,SRR12545952:CCTGCATCACAAATCCx,MATURE CELL
139,SRR12545952:CGAAGGAGTAACATGAx,MATURE CELL
140,SRR12545952:CGAATTGCAATGTCACx,MATURE CELL
141,SRR12545952:CCTCCAATCAGGTGTTx,MATURE CELL
142,SRR12545952:CCTACGTAGCTCGACCx,MATURE CELL
143,SRR12545952:CGAATTGTCTGCGGACx,MATURE CELL
144,SRR12545952:CGAGAAGGTCCTACGGx,MATURE CELL
145,SRR12545952:CGACAGCAGCACCCACx,MATURE CELL
146,SRR12545952:CCTCTAGAGAAACTCAx,MATURE CELL
147,SRR12545952:CGGGCATAGACCTTTGx,MATURE CELL
148,SRR12545952:CGAGTGCCAAAGTGTAx,MATURE CELL
149,SRR12545952:CGAGTTAGTGAGTAGCx,MATURE CELL
150,SRR12545952:CGATGCGCACCGGTCAx,MATURE CELL
151,SRR12545952:CGAGTTAGTTATGTCGx,MATURE CELL
152,SRR12545952:CTACCTGTCAAACCCAx,MATURE CELL
153,SRR12545952:CGTTCTGAGGCTCCCAx,MATURE CELL
154,SRR12545952:CGTTGGGAGGTGCCAAx,MATURE CELL
155,SRR12545952:CGTGAATAGCCAAGGTx,MATURE CELL
156,SRR12545952:CTACAGACAACCAACTx,MATURE CELL
157,SRR12545952:CTAACTTGTAGGACCAx,MATURE CELL
158,SRR12545952:CGTGAATCACGCTTAAx,MATURE CELL
159,SRR12545952:CTAAGTGTCGGTAGGAx,MATURE CELL
160,SRR12545952:CGTGAATAGTCTGGTTx,MATURE CELL
161,SRR12545952:CTAACTTAGGGCAATCx,MATURE CELL
162,SRR12545952:CGTCAAAAGCATGAATx,MATURE CELL
163,SRR12545952:CGTAATGTCTGAATCGx,MATURE CELL
164,SRR12545952:CGTCAAAAGGTCTTTGx,MATURE CELL
165,SRR12545952:CTATCTACAACGCATTx,MATURE CELL
166,SRR12545952:CTCAGTCCAGTAGTGGx,MATURE CELL
167,SRR12545952:CTCAGAATCGGTTCAAx,MATURE CELL
168,SRR12545952:CTCAGAACAATATCCGx,MATURE CELL
169,SRR12545952:CTAGGTATCTTGAGCAx,MATURE CELL
170,SRR12545952:CTCAATTGTCGAACGAx,MATURE CELL
171,SRR12545952:CTCATCGCACAGTGAGx,MATURE CELL
172,SRR12545952:CTAGGTATCCGCACTTx,MATURE CELL
173,SRR12545952:CTCATTACACTGGACCx,MATURE CELL
174,SRR12545952:CTACTATCACTCGATAx,MATURE CELL
175,SRR12545952:CTCATGCTCTTGCAGAx,MATURE CELL
176,SRR12545952:CTCAGTCTCATGGGAGx,MATURE CELL
177,SRR12545952:CTGAATGTCCGAGAAGx,MATURE CELL
178,SRR12545952:CTCCACATCTATACGGx,MATURE CELL
179,SRR12545952:CTGAGGCCACAACCGCx,MATURE CELL
180,SRR12545952:CTGCTCATCACCACAAx,MATURE CELL
181,SRR12545952:CTTCTCTAGGTATTGAx,MATURE CELL
182,SRR12545952:CTGTCGTAGTAAGCATx,MATURE CELL
183,SRR12545952:CTTCAATGTCTGATCAx,MATURE CELL
184,SRR12545952:CTTGAGAGTCCCGGTAx,MATURE CELL
185,SRR12545952:CTTGAGATCCTGGTCTx,MATURE CELL
186,SRR12545952:CTTCCGATCCGTCCTAx,MATURE CELL
187,SRR12545952:GAAGCCCGTGGACTGAx,MATURE CELL
188,SRR12545952:GAACTGTAGTAGAGTTx,MATURE CELL
189,SRR12545952:GAACTGTAGACGCAGTx,MATURE CELL
190,SRR12545952:GACGCTGAGCGATGCAx,MATURE CELL
191,SRR12545952:GACCTTCTCCCATAAGx,MATURE CELL
192,SRR12545952:GACCGTGCATGATAGAx,MATURE CELL
193,SRR12545952:GACCCAGAGGTTGTTCx,MATURE CELL
194,SRR12545952:GAACTGTCAGGACAGTx,MATURE CELL
195,SRR12545952:GACTATGCACTACCGGx,MATURE CELL
196,SRR12545952:GACTCTCTCTTAGCCCx,MATURE CELL
197,SRR12545952:GAGGGTATCATTTCCAx,MATURE CELL
198,SRR12545952:GACTCTCTCGGCTCTTx,MATURE CELL
199,SRR12545952:GAGTGTTGTACCAATCx,MATURE CELL
200,SRR12545952:GAGACTTCACGGGTAAx,MATURE CELL
201,SRR12545952:GACTCAACAACTAGAAx,MATURE CELL
202,SRR12545952:GACTTCCTCATTCGGAx,MATURE CELL
203,SRR12545952:GAGGCAAGTTGGCTATx,MATURE CELL
204,SRR12545952:GACTCAAAGATGGCGTx,MATURE CELL
205,SRR12545952:GAGTCTACACTGCTTCx,MATURE CELL
206,SRR12545952:GAGCCTGAGAAACCATx,MATURE CELL
207,SRR12545952:GAGTGAGAGCTTTCCCx,MATURE CELL
208,SRR12545952:GAGAAATTCAAACTGCx,MATURE CELL
209,SRR12545952:GACTATGTCAAGCCATx,MATURE CELL
210,SRR12545952:GAGAAATGTCATGACTx,MATURE CELL
211,SRR12545952:GAGGCAAGTACGAGTGx,MATURE CELL
212,SRR12545952:GATCCCTTCGGTAAGGx,MATURE CELL
213,SRR12545952:GATCACAGTAACTTCGx,MATURE CELL
214,SRR12545952:GATTCTTCACTCTAGAx,MATURE CELL
215,SRR12545952:GAGTTACAGTTGTCGTx,MATURE CELL
216,SRR12545952:GCAACATTCACGTCCTx,MATURE CELL
217,SRR12545952:GATCATGAGTTAACGAx,MATURE CELL
218,SRR12545952:GAGTTGTGTTCTCTCGx,MATURE CELL
219,SRR12545952:GATGTTGTCTTACGTTx,MATURE CELL
220,SRR12545952:GATTTCTTCCTTACCGx,MATURE CELL
221,SRR12545952:GCACGTGCATCCTAAGx,MATURE CELL
222,SRR12545952:GCCAGCAGTTAACAGAx,MATURE CELL
223,SRR12545952:GCAACCGGTAGAATGTx,MATURE CELL
224,SRR12545952:GCCAACGCAGTATTCGx,MATURE CELL
225,SRR12545952:GCACATAGTATCATGCx,MATURE CELL
226,SRR12545952:GCCATGGAGCACGGATx,MATURE CELL
227,SRR12545952:GCACGGTCAGTACTACx,MATURE CELL
228,SRR12545952:GCCATTCAGCAACTTCx,MATURE CELL
229,SRR12545952:GCACTAATCGCTAAACx,MATURE CELL
230,SRR12545952:GCTCAAACAAGCCATTx,MATURE CELL
231,SRR12545952:GCTTTCGTCGTGCACGx,MATURE CELL
232,SRR12545952:GCCGATGCACTTGGGCx,MATURE CELL
233,SRR12545952:GGAAGTGCAACGGCTCx,MATURE CELL
234,SRR12545952:GCCGTGACACCGTCGAx,MATURE CELL
235,SRR12545952:GGACGTCTCATTGCGAx,MATURE CELL
236,SRR12545952:GCGGATCAGTTCCGTAx,MATURE CELL
237,SRR12545952:GCTTCACAGGACGCATx,MATURE CELL
238,SRR12545952:GCTACCTTCTATCGCCx,MATURE CELL
239,SRR12545952:GCTGAATAGGTTCAGGx,MATURE CELL
240,SRR12545952:GCGATCGCAATCGAAAx,MATURE CELL
241,SRR12545952:GGGACAACAGCGTTGCx,MATURE CELL
242,SRR12545952:GGGAAGTAGAAGGCTCx,MATURE CELL
243,SRR12545952:GGCAGTCGTGAATTGAx,MATURE CELL
244,SRR12545952:GGGACCTGTAAGACCGx,MATURE CELL
245,SRR12545952:GGCGTCAGTCTGTCAAx,MATURE CELL
246,SRR12545952:GGGATCCAGCTAGCCCx,MATURE CELL
247,SRR12545952:GGCTTTCTCTTACGGAx,MATURE CELL
248,SRR12545952:GGAGATGTCATGAAAGx,MATURE CELL
249,SRR12545952:GGAGCAAAGACGGTCAx,MATURE CELL
250,SRR12545952:GGCTTTCAGCGGTATGx,MATURE CELL
251,SRR12545952:GGGAGATAGATCGCTTx,MATURE CELL
252,SRR12545952:GGGAGTATCCATAAGCx,MATURE CELL
253,SRR12545952:GGTAATCAGCACGATGx,MATURE CELL
254,SRR12545952:GGGCCATAGCACTTTGx,MATURE CELL
255,SRR12545952:GGTAGAGTCACTGGTAx,MATURE CELL
256,SRR12545952:GGGCCATCACGGCTACx,MATURE CELL
257,SRR12545952:GGGCCATCAAAGAACTx,MATURE CELL
258,SRR12545952:GGTGGCTCAGCAGTGAx,MATURE CELL
259,SRR12545952:GGGTAGATCGATTGGTx,MATURE CELL
260,SRR12545952:GGTGATTGTGACTCGCx,MATURE CELL
261,SRR12545952:GTATTGGGTAAGCAATx,MATURE CELL
262,SRR12545952:GTAGTACAGAATCGTAx,MATURE CELL
263,SRR12545952:GTAATCGTCTTACGTTx,MATURE CELL
264,SRR12545952:GTCAAACCAAAGGTTAx,MATURE CELL
265,SRR12545952:GTAGCTATCCCATAAGx,MATURE CELL
266,SRR12545952:GTAGAAATCCGGTTCTx,MATURE CELL
267,SRR12545952:GGTTAACCAAGACCGAx,MATURE CELL
268,SRR12545952:GTACAACTCGGTAGGAx,MATURE CELL
269,SRR12545952:GTAGTACTCAGCTTCCx,MATURE CELL
270,SRR12545952:GTCTACCTCTCCGAGGx,MATURE CELL
271,SRR12545952:GTCATGAGTCCAGGTCx,MATURE CELL
272,SRR12545952:GTCATCCCAAATGAGTx,MATURE CELL
273,SRR12545952:GTCTAGAGTCGCTCGAx,MATURE CELL
274,SRR12545952:GTCACGGCATATACCGx,MATURE CELL
275,SRR12545952:GTCATCCCACGCTATAx,MATURE CELL
276,SRR12545952:GTCTCACAGCGAGAAAx,MATURE CELL
277,SRR12545952:GTGAGCCGTACGATTCx,MATURE CELL
278,SRR12545952:GTCTCACGTGAATAACx,MATURE CELL
279,SRR12545952:GTCTCACTCATGCTAGx,MATURE CELL
280,SRR12545952:GTCTAGAAGCCTCCAGx,MATURE CELL
281,SRR12545952:GTGGCGTAGCCGTTATx,MATURE CELL
282,SRR12545952:GTGTTCCAGAGCTGACx,MATURE CELL
283,SRR12545952:GTGGTTACACCTGTCTx,MATURE CELL
284,SRR12545952:GTGAGTTGTACAAGTAx,MATURE CELL
285,SRR12545952:GTTACCCGTAGACTGGx,MATURE CELL
286,SRR12545952:GTTACAGCACTTGGCGx,MATURE CELL
287,SRR12545952:GTGAGGAGTGGGTTGAx,MATURE CELL
288,SRR12545952:GTGCTGGGTTAGTTCGx,MATURE CELL
289,SRR12545952:GTGCTTCCACTGAGGAx,MATURE CELL
290,SRR12545952:GTTACGACAGTCTACAx,MATURE CELL
291,SRR12545952:GTGTTAGAGTATGATGx,MATURE CELL
292,SRR12545952:GTTACAGTCCATCTGCx,MATURE CELL
293,SRR12545952:GTGTGATCAGGCTCTGx,MATURE CELL
294,SRR12545952:GTGCAGCCAATGGCCCx,MATURE CELL
295,SRR12545952:GTGGTTATCTGTGCAAx,MATURE CELL
296,SRR12545952:GTGTCCTCACAGTGAGx,MATURE CELL
297,SRR12545952:GTGCGTGGTTGCCGACx,MATURE CELL
298,SRR12545952:TAACCAGCAGGTCAGAx,MATURE CELL
299,SRR12545952:GTTGTCCGTGTTGAGGx,MATURE CELL
300,SRR12545952:TAAGCCATCACCTGTCx,MATURE CELL
301,SRR12545952:TAACTTCTCCGGACGTx,MATURE CELL
302,SRR12545952:GTTCATTGTCGGAACAx,MATURE CELL
303,SRR12545952:GTTCTATCATTACGGTx,MATURE CELL
304,SRR12545952:GTTAGTGGTCCACACGx,MATURE CELL
305,SRR12545952:GTTGCTCTCGCGATCGx,MATURE CELL
306,SRR12545952:TACGGGCAGGCCCGTTx,MATURE CELL
307,SRR12545952:TACAGGTAGTGCGTCCx,MATURE CELL
308,SRR12545952:TACCGAACACACCGACx,MATURE CELL
309,SRR12545952:TAATTCCTCACAAGAAx,MATURE CELL
310,SRR12545952:TACTGCCTCGTCTCACx,MATURE CELL
311,SRR12545952:TACCCACCAGCAGTCCx,MATURE CELL
312,SRR12545952:TACCCACGTGCGACAAx,MATURE CELL
313,SRR12545952:TACCGAATCATGCTAGx,MATURE CELL
314,SRR12545952:TACCCACTCTCGGTAAx,MATURE CELL
315,SRR12545952:TACAGGTTCGTTCTGCx,MATURE CELL
316,SRR12545952:TACCCGTAGTAAACACx,MATURE CELL
317,SRR12545952:TATTGGGCAGGATGACx,MATURE CELL
318,SRR12545952:TAGAGTCCAGCACGAAx,MATURE CELL
319,SRR12545952:TAGCACATCCATAGGTx,MATURE CELL
320,SRR12545952:TAGGAGGGTCTGTTAGx,MATURE CELL
321,SRR12545952:TATCAGGTCGGCTCTTx,MATURE CELL
322,SRR12545952:TAGGAGGTCCATCAGAx,MATURE CELL
323,SRR12545952:TATTCCAAGCATCCTAx,MATURE CELL
324,SRR12545952:TAGAGTCCAGAGTCAGx,MATURE CELL
325,SRR12545952:TATTGCTGTCTCTCCAx,MATURE CELL
326,SRR12545952:TCACGCTAGCGTCTCGx,MATURE CELL
327,SRR12545952:TCACACCGTACTGGGAx,MATURE CELL
328,SRR12545952:TCACACCGTCACTTCCx,MATURE CELL
329,SRR12545952:TCAGGTAAGGGAACAAx,MATURE CELL
330,SRR12545952:TCACATTAGGCGTCCTx,MATURE CELL
331,SRR12545952:TCCCAGTTCTCGAGTAx,MATURE CELL
332,SRR12545952:TCATATCAGTCAGAGCx,MATURE CELL
333,SRR12545952:TCATGAGCATCGCTCTx,MATURE CELL
334,SRR12545952:TCCCAGTAGGTACAGCx,MATURE CELL
335,SRR12545952:TCCATCGGTACGTAGGx,MATURE CELL
336,SRR12545952:TCATTACTCAGTCAGTx,MATURE CELL
337,SRR12545952:TCCGAAATCCGTCACTx,MATURE CELL
338,SRR12545952:TCCATGCCATCGGTTAx,MATURE CELL
339,SRR12545952:TCCCAGTGTGAATGTAx,MATURE CELL
340,SRR12545952:TCCAGAAAGCAAGGAAx,MATURE CELL
341,SRR12545952:TCATATCCATACTGTGx,MATURE CELL
342,SRR12545952:TCCCAGTTCACAGTGTx,MATURE CELL
343,SRR12545952:TCCCAGTTCTGGGCGTx,MATURE CELL
344,SRR12545952:TCCGATCGTGGATACGx,MATURE CELL
345,SRR12545952:TCCTCCCGTTGCCAATx,MATURE CELL
346,SRR12545952:TCGACCTCACCCTGAGx,MATURE CELL
347,SRR12545952:TCCTCCCGTGTTGAGGx,MATURE CELL
348,SRR12545952:TCCTCGAGTAGCTGTTx,MATURE CELL
349,SRR12545952:TCGACGGGTCTTCGAAx,MATURE CELL
350,SRR12545952:TCGATTTGTCACCACGx,MATURE CELL
351,SRR12545952:TCCGTGTCAATAGTAGx,MATURE CELL
352,SRR12545952:TCGCACTCACGTGAGAx,MATURE CELL
353,SRR12545952:TCCTTTCAGGCGACATx,MATURE CELL
354,SRR12545952:TCCGGGAGTTTGCCGGx,MATURE CELL
355,SRR12545952:TCGCAGGTCCTCAGGGx,MATURE CELL
356,SRR12545952:TCCTTTCCAGTAGAGCx,MATURE CELL
357,SRR12545952:TCGAAGTAGCTGCGAAx,MATURE CELL
358,SRR12545952:TCGGTCTCATTGAGCTx,MATURE CELL
359,SRR12545952:TCTGGCTGTCTGTGCGx,MATURE CELL
360,SRR12545952:TCTATCATCGCGTGCAx,MATURE CELL
361,SRR12545952:TCTCACGTCACTGCTCx,MATURE CELL
362,SRR12545952:TCTGTCGTCGGAAGGTx,MATURE CELL
363,SRR12545952:TCGTGGGTCTGAGCATx,MATURE CELL
364,SRR12545952:TCGGGTGAGTATGCAAx,MATURE CELL
365,SRR12545952:TCGTAGATCTCTTCAAx,MATURE CELL
366,SRR12545952:TCTGTCGAGTTCGGTTx,MATURE CELL
367,SRR12545952:TCTGTCGGTACAAGCGx,MATURE CELL
368,SRR12545952:TCGGGTGTCGACCCAGx,MATURE CELL
369,SRR12545952:TCGTGCTTCTGAATCGx,MATURE CELL
370,SRR12545952:TGAATGCAGTAGTCCTx,MATURE CELL
371,SRR12545952:TGAGTCACACTCCGGAx,MATURE CELL
372,SRR12545952:TGAGACTGTCCAGCACx,MATURE CELL
373,SRR12545952:TGATGGTAGCACTCTAx,MATURE CELL
374,SRR12545952:TGATTTCCATCGCTGGx,MATURE CELL
375,SRR12545952:TGAGTCAAGTGCTCATx,MATURE CELL
376,SRR12545952:TGATTTCGTGACCTGCx,MATURE CELL
377,SRR12545952:TGAGACTCACCTGCAGx,MATURE CELL
378,SRR12545952:TGAGCATTCGCTTGAAx,MATURE CELL
379,SRR12545952:TGCAGGCTCAGACATCx,MATURE CELL
380,SRR12545952:TGCATGATCGCCTATCx,MATURE CELL
381,SRR12545952:TGCACGGTCTCTCTTCx,MATURE CELL
382,SRR12545952:TGCATGACAGAATTCCx,MATURE CELL
383,SRR12545952:TGCGATAGTAGTCACTx,MATURE CELL
384,SRR12545952:TGCGATAAGATCGGTGx,MATURE CELL
385,SRR12545952:TGCGACGAGTATGCAAx,MATURE CELL
386,SRR12545952:TGCGGCACAAGTCATCx,MATURE CELL
387,SRR12545952:TGGAGAGTCACCCTTGx,MATURE CELL
388,SRR12545952:TGCTTGCCAAGATTGAx,MATURE CELL
389,SRR12545952:TGCATCCCACCATATGx,MATURE CELL
390,SRR12545952:TGCCGAGCAAGTGTCTx,MATURE CELL
391,SRR12545952:TGCACGGGTTGTCCCTx,MATURE CELL
392,SRR12545952:TGCTCCATCTGCTCTGx,MATURE CELL
393,SRR12545952:TGGTACAAGCAGTAATx,MATURE CELL
394,SRR12545952:TGTAAGCCATACTTTCx,MATURE CELL
395,SRR12545952:TGGGCTGTCACCCTGTx,MATURE CELL
396,SRR12545952:TGGCGTGCATGTGCTAx,MATURE CELL
397,SRR12545952:TGTAACGGTCTACAGTx,MATURE CELL
398,SRR12545952:TGGGAGATCATTCACTx,MATURE CELL
399,SRR12545952:TGTAAGCTCTTGAGCAx,MATURE CELL
400,SRR12545952:TGGGCGTGTCGTACTAx,MATURE CELL
401,SRR12545952:TTACCGCTCTCGCCTAx,MATURE CELL
402,SRR12545952:TTACCATTCTTTGCGCx,MATURE CELL
403,SRR12545952:TGTCCACCAGCTATTGx,MATURE CELL
404,SRR12545952:TTACCATGTATTCCGAx,MATURE CELL
405,SRR12545952:TTACGTTCAGAAGTGCx,MATURE CELL
406,SRR12545952:TTCATTGGTGGTTTGTx,MATURE CELL
407,SRR12545952:TTCCAATGTCTACGTAx,MATURE CELL
408,SRR12545952:TTCCGGTTCACTGAACx,MATURE CELL
409,SRR12545952:TTCATGTAGTGACACGx,MATURE CELL
410,SRR12545952:TTCCTTCGTCGTGCCAx,MATURE CELL
411,SRR12545952:TTAGTCTCAATTGAGAx,MATURE CELL
412,SRR12545952:TTCCGTGTCCGTAGGCx,MATURE CELL
413,SRR12545952:TTCAATCTCACCCTCAx,MATURE CELL
414,SRR12545952:TTCAATCCATTGAAGAx,MATURE CELL
415,SRR12545952:TTGGGCGTCGGTCTAAx,MATURE CELL
416,SRR12545952:TTGCTGCTCCTCACCAx,MATURE CELL
417,SRR12545952:TTGCGTCCATTCCTATx,MATURE CELL
418,SRR12545952:TTGTGTTTCAATCAGCx,MATURE CELL
419,SRR12545952:TTGGTTTGTGCCTGACx,MATURE CELL
420,SRR12545952:TTGGGATCAACGGCTCx,MATURE CELL
421,SRR12545952:TTGTTCAAGGGATGTCx,MATURE CELL
422,SRR12545952:TTCGCTGTCACGACTAx,MATURE CELL
423,SRR12545952:TTGGTTTTCTACGCAAx,MATURE CELL
424,SRR12545952:TTCGCTGAGTATTCCGx,MATURE CELL
425,SRR12545952:TTCTGTACATGTGACTx,MATURE CELL
426,SRR12545952:TTCTGTAAGGAAGAACx,MATURE CELL
427,SRR12545952:TTCTAGTAGCGTGCCTx,MATURE CELL
428,SRR12545952:TTTATGCGTAGCGCCTx,MATURE CELL
429,SRR12545952:TTGTTTGTCTGAACGTx,MATURE CELL
430,SRR12545952:TTTATGCTCAACTGGTx,MATURE CELL
431,SRR12545952:TTTACGTAGGCCTGAAx,MATURE CELL
432,SRR12545952:TTTCGATGTTCTGACAx,MATURE CELL
433,SRR12545952:TTTATGCAGAGTTCGGx,MATURE CELL
434,SRR12545952:TTTCATGCAAAGGTTAx,MATURE CELL
435,SRR12545952:TTTGACTTCGCTAATGx,MATURE CELL
436,SRR12545952:TTGTTGTAGTGCTACTx,MATURE CELL
437,SRR12545952:TTTACCAAGATAACGTx,MATURE CELL
