,0
0,SRR12545953:AAACGAACACTTCTCGx
1,SRR12545953:AAACGAAAGGGACCATx
2,SRR12545953:AACAAAGAGTACAGCGx
3,SRR12545953:AAAGGTAGTGCGCTCAx
4,SRR12545953:AACCAACGTCTCTCTGx
5,SRR12545953:AACCAACTCAACGAGGx
6,SRR12545953:AACCTGACATCGAGCCx
7,SRR12545953:AACCATGTCTCTGAGAx
8,SRR12545953:AACCTGATCGCACGGTx
9,SRR12545953:AACGAAACATCGTCCTx
10,SRR12545953:AACAGGGGTGTTAAAGx
11,SRR12545953:AACAACCAGACTTGTCx
12,SRR12545953:AAGCCATGTTAGGCCCx
13,SRR12545953:AAGGAATTCTCCGAGGx
14,SRR12545953:AAGCCATCAGGGAATCx
15,SRR12545953:AAGGTAAAGATAACACx
16,SRR12545953:AACTTCTCAGTTTCAGx
17,SRR12545953:AAGCATCAGTTGCCTAx
18,SRR12545953:AACTTCTGTGGATCGAx
19,SRR12545953:AAGACAAAGAGCCGATx
20,SRR12545953:AATCGTGAGAAACTCAx
21,SRR12545953:AATGCCAAGTAGGCCAx
22,SRR12545953:AAGTGAACAGGTCAGAx
23,SRR12545953:AATAGAGTCGCTTGCTx
24,SRR12545953:AATGCCAGTATCGCATx
25,SRR12545953:AAGTTCGCAACATCGTx
26,SRR12545953:AATGAAGGTTGGTACTx
27,SRR12545953:AATCGACTCCACCTGTx
28,SRR12545953:AATCGACCATTCTGTTx
29,SRR12545953:AAGTGAAAGGGACAGGx
30,SRR12545953:AATGAAGAGTGTACCTx
31,SRR12545953:ACAAGCTAGCGTATGGx
32,SRR12545953:ACAACCAGTGGAGAAAx
33,SRR12545953:ACAAGCTGTCTCGGACx
34,SRR12545953:ACACCAACAAGTATAGx
35,SRR12545953:AATGGAACATCAGCGCx
36,SRR12545953:ACAAAGATCAGTGTGTx
37,SRR12545953:ACAACCAGTGCTATTGx
38,SRR12545953:AATTCCTGTTGGGCCTx
39,SRR12545953:ACCAACATCATGTCTTx
40,SRR12545953:ACATCGAAGCTGACCCx
41,SRR12545953:ACATCCCTCAAGTGGGx
42,SRR12545953:ACATCCCAGAGAGCGGx
43,SRR12545953:ACATCCCCACGGTGCTx
44,SRR12545953:ACCCAAACACCCTAGGx
45,SRR12545953:ACGATGTTCACCCTGTx
46,SRR12545953:ACGCACGCATACTGACx
47,SRR12545953:ACGGTCGCATGGCCCAx
48,SRR12545953:ACGATCATCAGATGCTx
49,SRR12545953:ACGGTCGAGTTGCATCx
50,SRR12545953:ACGATGTTCTATCCATx
51,SRR12545953:ACGCACGTCACCCATCx
52,SRR12545953:ACTCCCAAGCGTCAGAx
53,SRR12545953:ACTCTCGAGGTGCCTCx
54,SRR12545953:ACTATTCTCTCGTGAAx
55,SRR12545953:ACTATTCGTAGACAGCx
56,SRR12545953:ACGTTCCTCAAGATAGx
57,SRR12545953:ACTATCTAGCATACTCx
58,SRR12545953:ACTATCTAGCTGAAATx
59,SRR12545953:ACTGTCCAGAAACCCGx
60,SRR12545953:ACTGCAATCCATTGTTx
61,SRR12545953:AGAAATGAGATTCGCTx
62,SRR12545953:ACTTAGGAGCCGTCGTx
63,SRR12545953:ACTTCGCTCTGGGTCGx
64,SRR12545953:ACTTTGTTCGACGAGAx
65,SRR12545953:ACTTATCCACTCCCTAx
66,SRR12545953:AGAAATGAGGCACTCCx
67,SRR12545953:ACTTATCAGAGCATCGx
68,SRR12545953:ACTTTCAAGTTGTAAGx
69,SRR12545953:AGACAGGGTCCAGCCAx
70,SRR12545953:AGACCATCACTCTCGTx
71,SRR12545953:AGACCATTCTCGCAGGx
72,SRR12545953:AGACCCGCATAGCTGTx
73,SRR12545953:AGAGAATCAAACCATCx
74,SRR12545953:AGACAAAAGAACAGGAx
75,SRR12545953:AGAAGCGCACAGAGACx
76,SRR12545953:AGACAGGGTGGATACGx
77,SRR12545953:AGATGAATCGAGTCTAx
78,SRR12545953:AGATAGAAGCTAAGTAx
79,SRR12545953:AGCCAGCCAACCCTAAx
80,SRR12545953:AGCCAGCCATCCGATAx
81,SRR12545953:AGCATCAGTTCTCACCx
82,SRR12545953:AGCCACGAGTGCAGGTx
83,SRR12545953:AGCCAGCTCGATAACCx
84,SRR12545953:AGGACGAAGTCTCGTAx
85,SRR12545953:AGGAAATGTCGTTATGx
86,SRR12545953:AGGCATTAGCCTTTCCx
87,SRR12545953:AGGACTTGTAAGCTCTx
88,SRR12545953:AGGATCTGTCATAAAGx
89,SRR12545953:AGGAGGTGTCGAGCAAx
90,SRR12545953:AGCTACAGTCATCCGGx
91,SRR12545953:AGCTACAGTCGTCTCTx
92,SRR12545953:AGGCATTCAGAGCCCTx
93,SRR12545953:AGGAGGTAGGTCTACTx
94,SRR12545953:AGCGTATCAAATAGCAx
95,SRR12545953:AGGGTCCCATGGGATGx
96,SRR12545953:AGGGCTCGTGCGCTCAx
97,SRR12545953:AGGTCATCACGCTGCAx
98,SRR12545953:AGGCTGCCATGACGAGx
99,SRR12545953:AGGGTGATCCCACAGGx
100,SRR12545953:AGTACTGTCCTACGGGx
101,SRR12545953:AGTCTCCGTGAGACCAx
102,SRR12545953:AGTAGTCCAGGACAGTx
103,SRR12545953:AGTCTCCTCATCCTATx
104,SRR12545953:AGGTTGTGTCAGTTTGx
105,SRR12545953:AGTAGTCAGGACAACCx
106,SRR12545953:AGTGACTAGAATGTTGx
107,SRR12545953:AGTGACTCATACCATGx
108,SRR12545953:AGTCAACCAGTCTTCCx
109,SRR12545953:AGGTTACCAACGTATCx
110,SRR12545953:AGTCAACGTCGCGTCAx
111,SRR12545953:AGTTCGAAGGAACGCTx
112,SRR12545953:AGTTAGCAGCTAAGTAx
113,SRR12545953:AGTTCCCCAGATACCTx
114,SRR12545953:AGTGACTTCTCACCCAx
115,SRR12545953:ATAGAGAGTACTTGTGx
116,SRR12545953:AGTGCCGGTCCCAAATx
117,SRR12545953:AGTTCCCTCGTACCTCx
118,SRR12545953:ATACCTTTCGCCGAACx
119,SRR12545953:AGTTCGAAGCAGATATx
120,SRR12545953:ATCCTATGTAGCTTGTx
121,SRR12545953:ATCCATTAGTGCGTCCx
122,SRR12545953:ATCACGATCTGTGTGAx
123,SRR12545953:ATCGATGTCTCTATACx
124,SRR12545953:ATCATTCGTCTAGATCx
125,SRR12545953:ATCGCCTTCAATCCGAx
126,SRR12545953:ATCCGTCCAAGACCTTx
127,SRR12545953:ATCACTTCAATTGCCAx
128,SRR12545953:ATAGGCTTCGTTCCCAx
129,SRR12545953:ATCCCTGCAGCTACCGx
130,SRR12545953:ATCCGTCGTCCTCATCx
131,SRR12545953:ATCGATGGTGAATAACx
132,SRR12545953:ATCACTTCAGGTTCATx
133,SRR12545953:ATCGGATCAGAGTCAGx
134,SRR12545953:ATCGTAGAGTGGCCTCx
135,SRR12545953:ATCTCTAAGGTTACCTx
136,SRR12545953:ATCGTGATCATACGACx
137,SRR12545953:ATCTTCATCGCCATAAx
138,SRR12545953:ATCTTCAAGCGCCATCx
139,SRR12545953:ATGGGTTTCCTGCTACx
140,SRR12545953:ATGGATCTCCACGAATx
141,SRR12545953:ATGCATGCATGTGTCAx
142,SRR12545953:ATGAGTCGTTGCCAATx
143,SRR12545953:ATGGGAGCACCAGTTAx
144,SRR12545953:ATGGGTTCACACACGCx
145,SRR12545953:ATGGTTGCACGGCCATx
146,SRR12545953:ATTACCTAGATACGATx
147,SRR12545953:ATTCAGGTCGGCTCTTx
148,SRR12545953:ATTATCCTCTTCGGAAx
149,SRR12545953:ATTCATCAGGCTTAAAx
150,SRR12545953:ATTACTCCAGGGTCTCx
151,SRR12545953:ATGTCTTTCTATGCCCx
152,SRR12545953:ATTCACTCAAGCGCAAx
153,SRR12545953:ATTACTCGTCAAAGCGx
154,SRR12545953:ATTCGTTCACGGCCATx
155,SRR12545953:ATTCAGGCAATGAGCGx
156,SRR12545953:ATTCACTAGAGGTCGTx
157,SRR12545953:ATTATCCGTCCGGCATx
158,SRR12545953:ATTGGGTGTAATACCCx
159,SRR12545953:ATTGTTCGTGGAGGTTx
160,SRR12545953:CAACAGTGTGATTAGAx
161,SRR12545953:CAAAGAAAGCACCTGCx
162,SRR12545953:CAACAGTGTGTTCGATx
163,SRR12545953:ATTGGGTTCTCTGGTCx
164,SRR12545953:CAACCTCGTGAGTGACx
165,SRR12545953:CACACAACAAGTCATCx
166,SRR12545953:CAAGACTGTACGATGGx
167,SRR12545953:CAATCGACACACGTGCx
168,SRR12545953:CAAGAGGTCCGTAGGCx
169,SRR12545953:CAACGGCTCTTGGAACx
170,SRR12545953:CAATTTCCAGTTAGAAx
171,SRR12545953:CACGAATGTCGATTACx
172,SRR12545953:CACGTGGCAGGCGATAx
173,SRR12545953:CACCAAAAGTGGTGACx
174,SRR12545953:CACGTTCCAAGAAATCx
175,SRR12545953:CACTAAGGTCTGTGGCx
176,SRR12545953:CACGTGGGTCCCGCAAx
177,SRR12545953:CACCGTTGTGAGACGTx
178,SRR12545953:CACAGGCAGAAGGGATx
179,SRR12545953:CACGAATCAGTCAGTTx
180,SRR12545953:CACAGGCCAATCGCCGx
181,SRR12545953:CACAGGCCAGCCGTCAx
182,SRR12545953:CACGTGGGTTAATGAGx
183,SRR12545953:CAGCCAGTCCATCGTCx
184,SRR12545953:CAGATTGCAAATGGTAx
185,SRR12545953:CACTTCGGTTCCAAACx
186,SRR12545953:CACTTCGAGCGCCATCx
187,SRR12545953:CACTTCGAGACATAGTx
188,SRR12545953:CAGCAGCCAAAGTGTAx
189,SRR12545953:CAGCACGTCTAGTCAGx
190,SRR12545953:CAGATCAGTTCGTTCCx
191,SRR12545953:CACTGGGAGGGTATATx
192,SRR12545953:CAGATCATCGTTATCTx
193,SRR12545953:CAGTTAGTCCACGGGTx
194,SRR12545953:CAGGCCAAGAAGCTCGx
195,SRR12545953:CATAAGCTCGTGCACGx
196,SRR12545953:CAGTGCGCACGGCCATx
197,SRR12545953:CATACCCCAAGAGTATx
198,SRR12545953:CAGCGTGCATACAGCTx
199,SRR12545953:CAGGCCATCTCAGAACx
200,SRR12545953:CATACTTCACAATTCGx
201,SRR12545953:CATACTTTCCAAATGCx
202,SRR12545953:CATGCCTCATTGAAGAx
203,SRR12545953:CATGCAAGTGTGACCCx
204,SRR12545953:CATGCAAGTACAGTTCx
205,SRR12545953:CATACCCGTTCGGTATx
206,SRR12545953:CATCAAGCACCACATAx
207,SRR12545953:CATACTTCAGCCGTTGx
208,SRR12545953:CATCCGTAGGTCGTGAx
209,SRR12545953:CATGCGGCAAAGCTAAx
210,SRR12545953:CATGGATGTATGTCACx
211,SRR12545953:CATGGATTCGTCGGGTx
212,SRR12545953:CATTCCGGTATGTCTGx
213,SRR12545953:CATGCGGCATGAGATAx
214,SRR12545953:CCACCATCATCCTTGCx
215,SRR12545953:CCAATTTGTTAATCGCx
216,SRR12545953:CCACGAGAGACAGCTGx
217,SRR12545953:CCCATTGGTACCATACx
218,SRR12545953:CCAATTTTCCTGGTCTx
219,SRR12545953:CCACTTGCAGTCAGAGx
220,SRR12545953:CCCGAAGGTGGTCTCGx
221,SRR12545953:CCACTTGAGGTAAGGAx
222,SRR12545953:CCATCACTCCCTCAACx
223,SRR12545953:CCACACTAGCAGCCCTx
224,SRR12545953:CCATAAGGTGGTCCCAx
225,SRR12545953:CCCATTGAGCGGGTTAx
226,SRR12545953:CCACACTCAGAGTTGGx
227,SRR12545953:CCACAAAGTAGGTACGx
228,SRR12545953:CCCAACTAGGCCTGAAx
229,SRR12545953:CCCTAACGTGTCCGGTx
230,SRR12545953:CCGAACGCAGTTGGTTx
231,SRR12545953:CCGATGGCACTACAGTx
232,SRR12545953:CCGATCTTCCCTTGTGx
233,SRR12545953:CCGGACATCGAGAGACx
234,SRR12545953:CCGGTGATCTGGAGAGx
235,SRR12545953:CCTAAGAGTCCTGGTGx
236,SRR12545953:CCGGTAGCATAGTCGTx
237,SRR12545953:CCTAAGAAGCAACAATx
238,SRR12545953:CCTAACCCAATTGCACx
239,SRR12545953:CCTATCGAGTGGCGATx
240,SRR12545953:CCTTTGGCAATCCTAGx
241,SRR12545953:CCTGCATCACCATATGx
242,SRR12545953:CCTTGTGGTTTACGTGx
243,SRR12545953:CCTCACAGTAGCACAGx
244,SRR12545953:CCTGTTGCATACATCGx
245,SRR12545953:CCTCCTCAGAGGCCATx
246,SRR12545953:CCTCATGAGCTGACTTx
247,SRR12545953:CCTCAGTGTCAACACTx
248,SRR12545953:CGAGTGCGTACCAATCx
249,SRR12545953:CGCATAATCGTGGCGTx
250,SRR12545953:CGAGGCTTCACTGGGCx
251,SRR12545953:CGAGGAACACAGCCACx
252,SRR12545953:CGACAGCTCTACACTTx
253,SRR12545953:CGAGGAAGTCCACATAx
254,SRR12545953:CGCATAACACAAATAGx
255,SRR12545953:CGCCATTGTCAATCTGx
256,SRR12545953:CGGAGAAGTCTTACAGx
257,SRR12545953:CGGGACTTCATTTGGGx
258,SRR12545953:CGGCAGTGTTATGGTCx
259,SRR12545953:CGGGCATTCGTGCATAx
260,SRR12545953:CGGACACCATGCAGCCx
261,SRR12545953:CGGACACGTTCTCCACx
262,SRR12545953:CGGGTGTGTGTCTTGAx
263,SRR12545953:CGGGTGTGTACCGCGTx
264,SRR12545953:CGTCCATTCTAGTCAGx
265,SRR12545953:CGTGAATCACTAAACCx
266,SRR12545953:CGTCCATAGCAAGTGCx
267,SRR12545953:CGTGTCTAGTTTAGGAx
268,SRR12545953:CGTCCATAGCCTCAATx
269,SRR12545953:CGTGCTTGTGACCTGCx
270,SRR12545953:CGTCCATTCAGCGCGTx
271,SRR12545953:CGTTCTGCAGATACCTx
272,SRR12545953:CGTTCTGCATTGACCAx
273,SRR12545953:CGTAGTAGTGCTGCACx
274,SRR12545953:CTACGGGAGCCGTTGCx
275,SRR12545953:CTATAGGTCACCGGGTx
276,SRR12545953:CTACATTAGCTAGATAx
277,SRR12545953:CTACCTGCAGAACTCTx
278,SRR12545953:CTAGACACAAGAAATCx
279,SRR12545953:CTAGGTAGTTAAGTCCx
280,SRR12545953:CTACCTGTCACCGGGTx
281,SRR12545953:CTACGGGGTAGCTGTTx
282,SRR12545953:CTCATCGGTGTCTTGAx
283,SRR12545953:CTCACTGGTAGTCTTGx
284,SRR12545953:CTCACTGCATGGAATAx
285,SRR12545953:CTATCCGTCACCTCGTx
286,SRR12545953:CTCAGTCGTTGGACTTx
287,SRR12545953:CTCAGTCGTGTTCATGx
288,SRR12545953:CTCATCGCAAGCGAGTx
289,SRR12545953:CTCAACCTCAGAGCGAx
290,SRR12545953:CTCAACCCAACCCGCAx
291,SRR12545953:CTCAGTCCACATTCGAx
292,SRR12545953:CTCCTTTTCCGCAACGx
293,SRR12545953:CTCTGGTCAATTTCTCx
294,SRR12545953:CTCATTATCAGAGTTCx
295,SRR12545953:CTCATTAAGTAGGTTAx
296,SRR12545953:CTCCTCCTCGTTCGCTx
297,SRR12545953:CTCCAACGTCATGACTx
298,SRR12545953:CTCCCAAAGTATAGACx
299,SRR12545953:CTCCACAGTTTACTTCx
300,SRR12545953:CTCTCGAGTCGTATGTx
301,SRR12545953:CTCTCGATCCATTGTTx
302,SRR12545953:CTGCCATCACTGAGGAx
303,SRR12545953:CTGGACGAGTGGACGTx
304,SRR12545953:CTGAGGCAGTGGTTCTx
305,SRR12545953:CTGCGAGCAAGTGGGTx
306,SRR12545953:CTGCATCGTGACGTCCx
307,SRR12545953:CTGATCCAGTAAATGCx
308,SRR12545953:CTGCAGGAGTTCCAGTx
309,SRR12545953:CTGGCAGAGGAAGTCCx
310,SRR12545953:CTGATCCCAAGAAACTx
311,SRR12545953:CTGCTCAAGATAGCATx
312,SRR12545953:CTGCCATGTACGATTCx
313,SRR12545953:CTGTCGTGTAATGATGx
314,SRR12545953:CTTAGGACAGGTTACTx
315,SRR12545953:CTTAGGATCTTGCAAGx
316,SRR12545953:CTGTGGGTCTCAACGAx
317,SRR12545953:CTGGTCTTCAGCAATCx
318,SRR12545953:CTGTGAATCCTCAGAAx
319,SRR12545953:CTTCCGACATAGGAGCx
320,SRR12545953:CTTCAATTCCGATGTAx
321,SRR12545953:CTTCAATGTTTGCAGTx
322,SRR12545953:CTGTGGGTCTTCCCAGx
323,SRR12545953:CTTGAGATCGGCTTGGx
324,SRR12545953:GAAATGAGTCGCTCGAx
325,SRR12545953:CTTCGGTAGGCCGCTTx
326,SRR12545953:GAACACTGTGTTGCCGx
327,SRR12545953:CTTCTAAAGCGATTCTx
328,SRR12545953:GAAACCTGTTACGTACx
329,SRR12545953:CTTTCGGAGCAACTTCx
330,SRR12545953:GAACGTTTCTGTTCATx
331,SRR12545953:GAAGCGACATTGCCTCx
332,SRR12545953:GAAGTAAAGGTCGACAx
333,SRR12545953:GACATCATCTGGCTGGx
334,SRR12545953:GAAGCGACATGAGAATx
335,SRR12545953:GAAGCGATCGCACGACx
336,SRR12545953:GAAGTAACATGGAACGx
337,SRR12545953:GACCCTTGTGACTATCx
338,SRR12545953:GACTCAATCTAACACGx
339,SRR12545953:GACCCAGCAACCGATTx
340,SRR12545953:GACTATGTCTCTCAATx
341,SRR12545953:GACCCTTCATGAAGCGx
342,SRR12545953:GACGCTGGTGGGTTGAx
343,SRR12545953:GACCTTCAGAGGTCGTx
344,SRR12545953:GACCCTTGTAGGACTGx
345,SRR12545953:GAGGCCTCACTACGGCx
346,SRR12545953:GAGCCTGGTACCTGTAx
347,SRR12545953:GAGAAATAGAAATTCGx
348,SRR12545953:GAGCCTGTCCGAGATTx
349,SRR12545953:GACTTCCCAGGCGTTCx
350,SRR12545953:GAGACCCAGCCTCAGCx
351,SRR12545953:GACTTCCCACTACAGTx
352,SRR12545953:GAGCCTGTCGCAATGTx
353,SRR12545953:GAGGGATCATTAAGCCx
354,SRR12545953:GAGACCCTCCCATAGAx
355,SRR12545953:GAGCTGCGTTGCTCAAx
356,SRR12545953:GAGGGTATCATGAAAGx
357,SRR12545953:GAGGCCTGTCTCACAAx
358,SRR12545953:GAGTGTTTCGACATACx
359,SRR12545953:GAGTTGTGTCATTGCAx
360,SRR12545953:GATCCCTAGAGAGGTAx
361,SRR12545953:GAGGGTATCCTCACTGx
362,SRR12545953:GAGTTACAGTCTGCGCx
363,SRR12545953:GATCACAGTCTACTGAx
364,SRR12545953:GATTCTTGTACGTGTTx
365,SRR12545953:GATGAGGTCATCGCAAx
366,SRR12545953:GATGATCCAGAGTGACx
367,SRR12545953:GCAACCGCAGGTTACTx
368,SRR12545953:GATGGAGGTTCAATCGx
369,SRR12545953:GATTCTTGTACGATCTx
370,SRR12545953:GCAACATAGGATACGCx
371,SRR12545953:GATGTTGAGAGAATCTx
372,SRR12545953:GATGAGGTCTAAGCCAx
373,SRR12545953:GCAGCTGTCGCATTAGx
374,SRR12545953:GCAACCGTCGTCTACCx
375,SRR12545953:GCAGTTATCGGAGTGAx
376,SRR12545953:GCAGGCTTCCTGGGACx
377,SRR12545953:GCAGCTGTCCTGTACCx
378,SRR12545953:GCACGTGCACGCCACAx
379,SRR12545953:GCACATAGTCCGGTCAx
380,SRR12545953:GCAGGCTGTACAGTCTx
381,SRR12545953:GCCCGAACACGTCTCTx
382,SRR12545953:GCCGTGACAGCTGGTCx
383,SRR12545953:GCATCTCTCCGGACGTx
384,SRR12545953:GCCATTCGTAAGATCAx
385,SRR12545953:GCCATGGTCTCCGTGTx
386,SRR12545953:GCCATGGAGCCTGTGCx
387,SRR12545953:GCATTAGAGATAGGGAx
388,SRR12545953:GCCATGGAGACCATTCx
389,SRR12545953:GCCAACGCACATGGTTx
390,SRR12545953:GCTGAATCAGCTCATAx
391,SRR12545953:GCGGAAAGTACGTACTx
392,SRR12545953:GCTGGGTGTTGCTCAAx
393,SRR12545953:GCGATCGGTACTGACTx
394,SRR12545953:GCTGAATAGCCTAGGAx
395,SRR12545953:GCTTGGGCAGAATGTAx
396,SRR12545953:GGAATCTGTCGTTTCCx
397,SRR12545953:GGAATGGCAGTCAGCCx
398,SRR12545953:GGAGAACCAGCATGCCx
399,SRR12545953:GGAGGATAGCATATGAx
400,SRR12545953:GGACGTCAGTAACCTCx
401,SRR12545953:GGAGAACTCTGGACCGx
402,SRR12545953:GCTTTCGTCGGTCTGGx
403,SRR12545953:GGGAGTACACTGTGTAx
404,SRR12545953:GGGAGATAGCCTCATAx
405,SRR12545953:GGGACAAAGGAGTACCx
406,SRR12545953:GGGAGTAAGACATCAAx
407,SRR12545953:GGGACAACATCCTTCGx
408,SRR12545953:GGGACAAAGTTCCAGTx
409,SRR12545953:GGGAAGTTCTGAGGCCx
410,SRR12545953:GGGACAAGTCCGGCATx
411,SRR12545953:GGGAGTAAGGGAGTTCx
412,SRR12545953:GGGAGATGTGTACATCx
413,SRR12545953:GGGCGTTGTCTTCGAAx
414,SRR12545953:GGGATGATCTTGGTCCx
415,SRR12545953:GGGTGTCCATCTGGGCx
416,SRR12545953:GGGTATTAGATGGCGTx
417,SRR12545953:GGGTCTGGTTGGGATGx
418,SRR12545953:GGTGAAGGTATCTCGAx
419,SRR12545953:GGTGAAGCAAGTGGCAx
420,SRR12545953:GGTGTCGCAACTACGTx
421,SRR12545953:GGTAACTGTATTAAGGx
422,SRR12545953:GGGTTATGTTCCAAACx
423,SRR12545953:GGTAGAGGTCCGGATCx
424,SRR12545953:GGGTTATCACTACGGCx
425,SRR12545953:GGTGATTGTCGAAGCAx
426,SRR12545953:GGGTTATGTCGTCATAx
427,SRR12545953:GGTAACTGTTCCGCGAx
428,SRR12545953:GTAATGCTCAGCTTGAx
429,SRR12545953:GTAATCGCACTAACGTx
430,SRR12545953:GTAACACAGCTAGCCCx
431,SRR12545953:GTAACACCATACACCAx
432,SRR12545953:GTAGGAGCAGGCTCTGx
433,SRR12545953:GTAGGAGTCCACTGGGx
434,SRR12545953:GTAGGTTCAAAGACGCx
435,SRR12545953:GTAGTACGTAGTGTGGx
436,SRR12545953:GTAGATCGTATGAAACx
437,SRR12545953:GTAGTACGTTTCCAAGx
438,SRR12545953:GTCAAACAGGTTATAGx
439,SRR12545953:GTCAAGTCAGCTTCCTx
440,SRR12545953:GTATTTCCAGGGTCTCx
441,SRR12545953:GTCAAACGTCAGGCAAx
442,SRR12545953:GTCACGGCATTGTAGCx
443,SRR12545953:GTCAGCGCATCAACCAx
444,SRR12545953:GTAGTACAGCACCGAAx
445,SRR12545953:GTCGTAATCCCTCTTTx
446,SRR12545953:GTCGAATGTAGTATAGx
447,SRR12545953:GTCTACCAGACGTCCCx
448,SRR12545953:GTCGCGAGTATTGGCTx
449,SRR12545953:GTCCTCAAGAAATCCAx
450,SRR12545953:GTCTGTCAGGAAGAACx
451,SRR12545953:GTGCTTCAGTGTCATCx
452,SRR12545953:GTGAGCCTCACCTCTGx
453,SRR12545953:GTGCTTCGTGCCTTTCx
454,SRR12545953:GTGTGATGTGTCCGGTx
455,SRR12545953:GTGCTTCTCTTGGTGAx
456,SRR12545953:GTTACAGCAGCTTCCTx
457,SRR12545953:GTGGGAATCTCTGCTGx
458,SRR12545953:GTGGGAAAGAGCCGTAx
459,SRR12545953:GTGTGGCGTAGGAAAGx
460,SRR12545953:GTTACAGGTCTGTAACx
461,SRR12545953:GTGTGGCGTTGGGCCTx
462,SRR12545953:GTGTGGCAGGATTACAx
463,SRR12545953:GTGGAAGCATCTCGTCx
464,SRR12545953:GTGTCCTGTTTCGTTTx
465,SRR12545953:GTTCGCTGTCGCTGCAx
466,SRR12545953:GTTAGACGTGCACAAGx
467,SRR12545953:GTTCGCTCAGCATTGTx
468,SRR12545953:GTTCGCTCAGAGGCATx
469,SRR12545953:GTTCCGTGTCTGTGTAx
470,SRR12545953:TAAGCCACACCCGTAGx
471,SRR12545953:GTTGTAGGTGAATGATx
472,SRR12545953:GTTGTAGAGGAGCTGTx
473,SRR12545953:GTTTACTCACTGAGGAx
474,SRR12545953:GTTTACTAGGTATTGAx
475,SRR12545953:GTTGCTCAGGCTCACCx
476,SRR12545953:GTTGCTCAGTTGCTCAx
477,SRR12545953:TAAGCCAAGACCGTTTx
478,SRR12545953:TAAGTCGAGCTAAACAx
479,SRR12545953:TAACGACGTTAGTTCGx
480,SRR12545953:TACAACGGTATAGCTCx
481,SRR12545953:TACCTCGAGAATCGCGx
482,SRR12545953:TACGCTCTCATGCCAAx
483,SRR12545953:TACGCTCAGGACACTGx
484,SRR12545953:TACAACGTCGATACTGx
485,SRR12545953:TACCCGTCACGACGTCx
486,SRR12545953:TACAACGCACTGTGTAx
487,SRR12545953:TACCCACGTTGTGTTGx
488,SRR12545953:TACGGTAAGCGGTATGx
489,SRR12545953:TAGACCACACTGTCGGx
490,SRR12545953:TAGCACAAGCCTCTCTx
491,SRR12545953:TACTTCATCCTTTGATx
492,SRR12545953:TAGAGTCAGAGTCAGCx
493,SRR12545953:TACGGGCGTCTGCATAx
494,SRR12545953:TACTTGTGTTTAAGGAx
495,SRR12545953:TAGTGCACAACTCCCTx
496,SRR12545953:TATCTGTAGGTGGTTGx
497,SRR12545953:TAGGTTGGTCAGTCTAx
498,SRR12545953:TATACCTGTTGAGTCTx
499,SRR12545953:TATCGCCTCATAGAGAx
500,SRR12545953:TAGTGCAAGGTATAGTx
501,SRR12545953:TATCTGTCAATTCTCTx
502,SRR12545953:TATCCTAGTATGAAACx
503,SRR12545953:TATCCTAAGCCTCACGx
504,SRR12545953:TATCTTGTCACCGGGTx
505,SRR12545953:TCAAGTGCACTTGACAx
506,SRR12545953:TATCTTGTCCGCAAATx
507,SRR12545953:TCAATCTAGGTCCGAAx
508,SRR12545953:TATGTTCCAGCTTCCTx
509,SRR12545953:TCAAGTGTCTGCGGGTx
510,SRR12545953:TCAATCTCAGGCATTTx
511,SRR12545953:TCATCATCACGGGCTTx
512,SRR12545953:TCAGGTAAGTGTTCACx
513,SRR12545953:TCAGTGATCGCCTATCx
514,SRR12545953:TCACTATCAGAGGACTx
515,SRR12545953:TCATACTGTTGCCTAAx
516,SRR12545953:TCAGTCCCATAAGCGGx
517,SRR12545953:TCATACTGTAGCTGAGx
518,SRR12545953:TCAGTGACAGCTCGGTx
519,SRR12545953:TCACTATAGCTTTCCCx
520,SRR12545953:TCACTCGAGAGTTCGGx
521,SRR12545953:TCATATCCACACCTTCx
522,SRR12545953:TCACTATTCGTTTACTx
523,SRR12545953:TCATGAGTCTCTGGTCx
524,SRR12545953:TCATGGATCATTGCGAx
525,SRR12545953:TCATCCGCAAGCGCAAx
526,SRR12545953:TCCACCACATGGGATGx
527,SRR12545953:TCATGGATCAACACCAx
528,SRR12545953:TCCACCAAGGGTCAACx
529,SRR12545953:TCCGATCGTCGGAAACx
530,SRR12545953:TCCAGAATCTTTCTAGx
531,SRR12545953:TCCCACATCCTGTAGAx
532,SRR12545953:TCCTAATCATCATTTCx
533,SRR12545953:TCCGATCCACTTCAGAx
534,SRR12545953:TCCCAGTGTGGGTTGAx
535,SRR12545953:TCCCAGTCACTGCGTGx
536,SRR12545953:TCCGTGTTCGCTCTCAx
537,SRR12545953:TCCTCCCTCCGAGCTGx
538,SRR12545953:TCCCAGTTCATCTATCx
539,SRR12545953:TCGAACAGTCGTAATCx
540,SRR12545953:TCGGATAAGAAGCTGCx
541,SRR12545953:TCGACGGAGGCTGTAGx
542,SRR12545953:TCGAACACATGTGGTTx
543,SRR12545953:TCGATTTAGACTGAGCx
544,SRR12545953:TCCTCTTGTAATGCTCx
545,SRR12545953:TCCTTTCGTAGTCACTx
546,SRR12545953:TCGCACTCACAAACGGx
547,SRR12545953:TCGCACTGTAGAGACCx
548,SRR12545953:TCGGATATCTAGTGTGx
549,SRR12545953:TCGTCCATCGGCTCTTx
550,SRR12545953:TCGGGACGTATGTGTCx
551,SRR12545953:TCGGGCACAATCCTAGx
552,SRR12545953:TCGGGACTCCTTTAGTx
553,SRR12545953:TCTAACTAGCGCATCCx
554,SRR12545953:TCGGGTGTCTAGATCGx
555,SRR12545953:TCGTGGGCACGGTAGAx
556,SRR12545953:TCTCTGGAGGTGCATGx
557,SRR12545953:TCTCCGAGTGAGTAGCx
558,SRR12545953:TCTGCCATCGCCAACGx
559,SRR12545953:TCTGCCATCTGACAGTx
560,SRR12545953:TCTCACGTCAAGATAGx
561,SRR12545953:TCTTGCGAGGGCAGGAx
562,SRR12545953:TCTCACGAGTTTCGACx
563,SRR12545953:TCTCAGCCAGAGGACTx
564,SRR12545953:TGACCCTCAGGGCTTCx
565,SRR12545953:TGACCCTAGGACGCATx
566,SRR12545953:TGACAGTAGTATAGGTx
567,SRR12545953:TGAGGAGGTGCAACAGx
568,SRR12545953:TGACGCGCACGACAAGx
569,SRR12545953:TGATTTCGTTGCGGCTx
570,SRR12545953:TGATTCTAGAGGCTGTx
571,SRR12545953:TGCGACGAGCCTATCAx
572,SRR12545953:TGCAGGCTCACAACCAx
573,SRR12545953:TGCAGATCATCCTAAGx
574,SRR12545953:TGCTGAATCGTCACCTx
575,SRR12545953:TGGAGAGGTGTTACTGx
576,SRR12545953:TGCGACGTCACTACTTx
577,SRR12545953:TGCTCCACATCTTAGGx
578,SRR12545953:TGCTCGTCACCACTGGx
579,SRR12545953:TGGGCGTAGCCATATCx
580,SRR12545953:TGGTACAAGTTGCATCx
581,SRR12545953:TGGGAGAAGTGGAAAGx
582,SRR12545953:TGGGATTCAACAGATAx
583,SRR12545953:TGGGAGATCTGGACCGx
584,SRR12545953:TGGTACACACGTCGGTx
585,SRR12545953:TGGATGTCACTACACAx
586,SRR12545953:TGGGAGATCGAGAACGx
587,SRR12545953:TGTCCCACACACAGCCx
588,SRR12545953:TGTACAGGTGTCTCCTx
589,SRR12545953:TGTAAGCAGGACAAGAx
590,SRR12545953:TGTCCCACAAGCAATAx
591,SRR12545953:TGTAAGCCAGGGTCTCx
592,SRR12545953:TGGTTAGTCTGGCCGAx
593,SRR12545953:TGGTTAGCACCTGCGAx
594,SRR12545953:TGTCCCAGTACTGAGGx
595,SRR12545953:TGTACAGTCGTCTAAGx
596,SRR12545953:TGTGAGTCATCGTGCGx
597,SRR12545953:TGTGGCGTCCGCACGAx
598,SRR12545953:TGTTACTTCGCGTCGAx
599,SRR12545953:TGTTCTACATGCCGACx
600,SRR12545953:TTACAGGAGGAACTCGx
601,SRR12545953:TGTGTGAAGAAGCGAAx
602,SRR12545953:TTATTGCGTAACGGTGx
603,SRR12545953:TTATTGCTCTGGTGGCx
604,SRR12545953:TTCACCGGTACGTGAGx
605,SRR12545953:TTACTGTTCCTCCACAx
606,SRR12545953:TTAGGCATCTGCCTCAx
607,SRR12545953:TTCGATTGTTCCTAAGx
608,SRR12545953:TTCGCTGCACGCCAGTx
609,SRR12545953:TTCGGTCGTAAGTTAGx
610,SRR12545953:TTCCAATAGCACCTGCx
611,SRR12545953:TTCCTCTTCTTACTGTx
612,SRR12545953:TTCATTGCATCCGCGAx
613,SRR12545953:TTCCTTCCATGAGATAx
614,SRR12545953:TTCCAATTCTTCTCAAx
615,SRR12545953:TTCTAGTTCTGCGAGCx
616,SRR12545953:TTCTTGAGTGCATGAGx
617,SRR12545953:TTGCATTCAAGGTTGGx
618,SRR12545953:TTGGGCGGTGTGAATAx
619,SRR12545953:TTGGATGGTCACAATCx
620,SRR12545953:TTGGTTTCATGGAAGCx
621,SRR12545953:TTGGATGCACGACGTCx
622,SRR12545953:TTGTTCACACTGTCGGx
623,SRR12545953:TTGGTTTGTTGCACGCx
624,SRR12545953:TTGCGTCTCTGGAGAGx
625,SRR12545953:TTTCCTCAGTCTCCTCx
626,SRR12545953:TTTATGCGTTTGGAGGx
627,SRR12545953:TTTAGTCTCTCTATGTx
628,SRR12545953:TTTCATGGTTGGGTAGx
629,SRR12545953:TTTGACTTCGCACGACx
